{"RuleTriggered": 0, "Violations": 0, "Details": {"pin_memory": false, "num_workers": 0, "cores": 36, "dataloaders": 1, "dataloading_time": {"p25": 0.022749250000000002, "p50": 0.0230545, "p95": 0.026841549999999995, "probs": [1, 0, 0, 0, 0, 0, 0, 0, 0, 0, 0, 0, 0, 0, 0, 0, 0, 0, 0, 0, 0, 0, 0, 0, 0, 0, 0, 0, 0, 0, 0, 0, 0, 0, 0, 0, 0, 0, 0, 0, 0, 0, 0, 0, 0, 0, 0, 0, 0, 0, 0, 0, 0, 0, 0, 0, 0, 0, 0, 0, 0, 0, 0, 0, 0, 0, 0, 0, 0, 0, 0, 0, 0, 1, 0, 1, 2, 1, 2, 0, 0, 0, 0, 0, 0, 0, 0, 0, 1, 0, 0, 0, 0, 0, 0, 0, 0, 0, 0, 1], "binedges": [0.006618, 0.00683149, 0.007044979999999999, 0.0072584699999999995, 0.00747196, 0.00768545, 0.00789894, 0.00811243, 0.00832592, 0.008539409999999999, 0.0087529, 0.00896639, 0.00917988, 0.00939337, 0.00960686, 0.009820349999999999, 0.010033839999999999, 0.010247329999999999, 0.01046082, 0.01067431, 0.0108878, 0.01110129, 0.01131478, 0.01152827, 0.01174176, 0.01195525, 0.01216874, 0.01238223, 0.01259572, 0.01280921, 0.013022699999999998, 0.013236189999999998, 0.013449679999999999, 0.013663169999999999, 0.013876659999999999, 0.01409015, 0.01430364, 0.01451713, 0.01473062, 0.01494411, 0.0151576, 0.01537109, 0.01558458, 0.01579807, 0.016011559999999998, 0.016225049999999998, 0.016438539999999998, 0.016652029999999998, 0.01686552, 0.01707901, 0.0172925, 0.01750599, 0.01771948, 0.01793297, 0.01814646, 0.01835995, 0.01857344, 0.01878693, 0.01900042, 0.01921391, 0.019427399999999997, 0.019640889999999998, 0.019854379999999998, 0.020067869999999998, 0.02028136, 0.02049485, 0.02070834, 0.02092183, 0.02113532, 0.02134881, 0.0215623, 0.02177579, 0.02198928, 0.02220277, 0.022416259999999997, 0.022629749999999997, 0.022843239999999997, 0.023056729999999998, 0.023270219999999998, 0.023483709999999998, 0.023697199999999998, 0.02391069, 0.02412418, 0.02433767, 0.02455116, 0.02476465, 0.02497814, 0.02519163, 0.025405119999999996, 0.025618609999999997, 0.025832099999999997, 0.026045589999999997, 0.026259079999999997, 0.026472569999999997, 0.026686059999999998, 0.026899549999999998, 0.027113039999999998, 0.027326529999999998, 0.02754002, 0.02775351, 0.027967]}}, "Datapoints": 10, "RuleParameters": "min_threshold:70\nmax_threshold:200"}