{"RuleTriggered": 0, "Violations": 0, "Details": {"step_num": {"first": 1677101164170957, "last": 1677103367409922}, "job_start": 1677101076.500695, "job_end": 1677103379.500511}, "Datapoints": 84, "RuleParameters": "threshold:20"}