{"RuleTriggered": 0, "Violations": 0, "Details": {"ratio": {"cpu_functions": 100.0}, "phase": {"Step:ModeKeys.GLOBAL": 91.38390452376511, "others": 8.616095476234884}, "phase_time": {}, "general": {"DataLoaderIterInitialize": 0.0065983077654184945, "Forward": 99.984164387635, "DataLoaderIter": 0.009237304599568482}, "CPU": {"dropout": 3.663801858729504, "matmul": 10.186606168022223, "mm": 25.738413107590425, "NativeLayerNormBackward": 7.317922104516448, "native_layer_norm_backward": 7.316164933471275, "MmBackward": 16.966726343662504, "GeluBackward": 14.405378645197715, "gelu_backward": 14.404986838809897}, "CPU_total": {"dropout": 10454476, "matmul": 29066973, "mm": 73443279, "NativeLayerNormBackward": 20881326, "native_layer_norm_backward": 20876312, "MmBackward": 48413708, "GeluBackward": 41105030, "gelu_backward": 41103912}}, "Datapoints": 0, "RuleParameters": ""}